model,cases,mean_latency_seconds,p50_latency_seconds,p95_latency_seconds,mean_quality_score,mean_expected_similarity,content_guard_pass_rate,mean_eval_tokens_per_second
qwen2.5:0.5b-instruct,24,0.40512943924999995,0.2989674579999999,1.6024772499999997,0.7884192498961373,0.7942495517476358,0.6666666666666666,142.6498898245076
qwen2.5:1.5b-instruct,24,0.4284309740833339,0.4429659589999986,0.5372936250000002,0.8898936644769854,0.936670658682551,0.75,82.3413832137376
qwen2.5:3b-instruct,24,0.7465040816249999,0.7638197919999996,0.9554726249999987,0.9195146989628508,0.9459585930835749,0.8333333333333334,42.74509392199588
qwen2.5:7b-instruct,24,1.4957431267916654,1.5468775000000008,1.9033462089999986,0.9242959937518672,0.9492952600706449,0.8333333333333334,20.490988720445333
